Round,Home,Away,Venue,Margin,Prob,Updated
24,Adelaide,Greater Western Sydney,Adelaide Oval,10.090580172171991,0.5662811157990143,2026-08-16 10:56:01.462967+00:00
24,Carlton,Fremantle,Marvel Stadium,-10.821095030751428,0.4289830364436839,2026-08-16 10:56:01.462967+00:00
24,Collingwood,Brisbane Lions,MCG,-5.12986888103155,0.4661562202040075,2026-08-16 10:56:01.462967+00:00
24,Essendon,Port Adelaide,Marvel Stadium,-13.69286629462754,0.4104991130879987,2026-08-16 10:56:01.462967+00:00
24,Geelong,Richmond,GMHBA Stadium,50.79654329411568,0.7929094086224701,2026-08-16 10:56:01.462967+00:00
24,Melbourne,Western Bulldogs,MCG,15.161672800519838,0.5988613591416354,2026-08-16 10:56:01.462967+00:00
24,St Kilda,Gold Coast,Marvel Stadium,18.09452140351833,0.6173317653052184,2026-08-16 10:56:01.462967+00:00
24,Sydney,North Melbourne,SCG,31.93239417782861,0.6993013528114476,2026-08-16 10:56:01.462967+00:00
24,West Coast,Hawthorn,Optus Stadium,-26.394659177994505,0.3323421475843456,2026-08-16 10:56:01.462967+00:00
25,7th,10th,To Be Confirmed,,,2026-08-16 10:56:01.462967+00:00
25,8th,9th,To Be Confirmed,,,2026-08-16 10:56:01.462967+00:00
26,1st,4th,To Be Confirmed,,,2026-08-16 10:56:01.462967+00:00
26,2nd,3rd,To Be Confirmed,,,2026-08-16 10:56:01.462967+00:00
26,5th,Lowest-ranked WF Winner,To Be Confirmed,,,2026-08-16 10:56:01.462967+00:00
26,6th,Highest-ranked WF Winner,To Be Confirmed,,,2026-08-16 10:56:01.462967+00:00
27,Loser of QF1,Winner of EF1,To Be Confirmed,,,2026-08-16 10:56:01.462967+00:00
27,Loser of QF2,Winner of EF2,To Be Confirmed,,,2026-08-16 10:56:01.462967+00:00
