,Team,Avg_Wins,Avg_Ladder_Position,Top 4,Top 6,Top 10,Spooners,Premiers,Runner up,Prelim,Semi Final,Elim Final,Wildcard
0,Fremantle,20.13,1.0,100.0,100.0,100.0,0.0,38.45,28.51,27.33,5.7,0.0,0.0
1,Sydney,17.55,2.11,99.89999999999999,99.99999999999999,99.99999999999999,0.0,24.65,29.53,35.11,10.67,0.04,0.0
2,Hawthorn,15.78,3.81,73.05,90.75999999999999,100.00999999999999,0.0,14.01,13.43,33.91,24.69,10.14,3.8000000000000003
3,Brisbane Lions,15.02,4.94,47.65,86.44,99.98999999999998,0.0,10.04,10.18,30.259999999999998,27.64,17.03,4.84
4,Adelaide,14.72,5.46,31.560000000000002,64.9,100.00000000000001,0.0,2.88,5.58,19.14,28.86,27.35,16.18
5,Geelong,14.48,5.4,20.16,82.66,99.99999999999999,0.0,3.71,4.32,19.41,31.509999999999998,33.08,7.96
6,Melbourne,14.46,5.91,26.81,60.97,100.00999999999999,0.0,3.66,4.48,18.42,27.2,26.770000000000003,19.47
7,Western Bulldogs,13.57,8.12,0.86,11.51,96.76,0.0,0.78,1.39,5.68,15.35,30.009999999999998,43.55
8,Collingwood,12.59,8.72,0.0,2.75,94.05,0.0,0.91,1.21,5.6,14.059999999999999,26.759999999999998,45.51
9,Carlton,11.34,10.95,0.0,0.0,35.25,0.0,0.59,0.66,2.43,5.73,9.72,16.12
10,St Kilda,11.04,11.16,0.0,0.0,29.65,0.0,0.16,0.3,1.2000000000000002,3.7399999999999998,7.71,16.53
11,Greater Western Sydney,11.0,10.61,0.0,0.0,44.08,0.0,0.17,0.41,1.49,4.79,11.33,25.9
12,North Melbourne,8.91,13.12,0.0,0.0,0.18,0.0,0.0,0.0,0.01,0.02,0.04,0.11
13,Gold Coast,7.67,13.97,0.0,0.0,0.03,0.0,0.0,0.0,0.0,0.0,0.0,0.02
14,Port Adelaide,7.41,14.72,0.0,0.0,0.0,0.0,,,0.0,0.0,0.0,0.0
15,West Coast,4.58,16.2,0.0,0.0,0.0,0.82,,,0.0,0.0,0.0,0.0
16,Richmond,3.34,17.1,0.0,0.0,0.0,26.3,,,0.0,0.0,0.0,0.0
17,Essendon,2.42,17.7,0.0,0.0,0.0,72.87,,,0.0,0.0,0.0,0.0
