,Team,1,2,3,4,5,6,7,8,9,10,11,12,13,14,15,16,17,18
0,Fremantle,98.06,1.94,0.0,0.0,0.0,0.0,0.0,0.0,0.0,0.0,0.0,0.0,0.0,0.0,0.0,0.0,0.0,0.0
1,Sydney,1.94,97.22,0.84,0.0,0.0,0.0,0.0,0.0,0.0,0.0,0.0,0.0,0.0,0.0,0.0,0.0,0.0,0.0
2,Brisbane Lions,0.0,0.0,15.25,30.98,27.5,22.21,4.06,0.0,0.0,0.0,0.0,0.0,0.0,0.0,0.0,0.0,0.0,0.0
3,Hawthorn,0.0,0.67,43.48,8.95,8.39,15.63,22.88,0.0,0.0,0.0,0.0,0.0,0.0,0.0,0.0,0.0,0.0,0.0
4,Melbourne,0.0,0.0,18.85,30.3,21.27,18.53,9.29,1.76,0.0,0.0,0.0,0.0,0.0,0.0,0.0,0.0,0.0,0.0
5,Adelaide,0.0,0.17,21.0,16.08,9.91,14.25,38.59,0.0,0.0,0.0,0.0,0.0,0.0,0.0,0.0,0.0,0.0,0.0
6,Geelong,0.0,0.0,0.59,13.69,32.8,29.13,22.54,1.1,0.14,0.0,0.0,0.0,0.0,0.0,0.0,0.0,0.0,0.0
7,Collingwood,0.0,0.0,0.0,0.0,0.13,0.24,2.13,63.25,31.93,2.33,0.0,0.0,0.0,0.0,0.0,0.0,0.0,0.0
8,Western Bulldogs,0.0,0.0,0.0,0.0,0.0,0.0,0.51,26.99,32.6,39.9,0.0,0.0,0.0,0.0,0.0,0.0,0.0,0.0
9,Carlton,0.0,0.0,0.0,0.0,0.0,0.0,0.0,6.9,35.33,35.98,15.16,6.23,0.39,0.0,0.0,0.0,0.0,0.0
10,St Kilda,0.0,0.0,0.0,0.0,0.0,0.0,0.0,0.0,0.0,10.17,30.74,30.98,18.64,9.46,0.0,0.0,0.0,0.0
11,Greater Western Sydney,0.0,0.0,0.0,0.0,0.0,0.0,0.0,0.0,0.0,10.11,44.88,36.37,7.13,1.51,0.0,0.0,0.0,0.0
12,North Melbourne,0.0,0.0,0.0,0.0,0.0,0.0,0.0,0.0,0.0,1.51,5.78,20.01,56.4,16.3,0.0,0.0,0.0,0.0
13,Gold Coast,0.0,0.0,0.0,0.0,0.0,0.0,0.0,0.0,0.0,0.0,3.43,6.4,17.44,72.73,0.0,0.0,0.0,0.0
14,Port Adelaide,0.0,0.0,0.0,0.0,0.0,0.0,0.0,0.0,0.0,0.0,0.0,0.0,0.0,0.0,100.0,0.0,0.0,0.0
15,West Coast,0.0,0.0,0.0,0.0,0.0,0.0,0.0,0.0,0.0,0.0,0.0,0.0,0.0,0.0,0.0,78.76,20.68,0.56
16,Richmond,0.0,0.0,0.0,0.0,0.0,0.0,0.0,0.0,0.0,0.0,0.0,0.0,0.0,0.0,0.0,19.35,56.28,24.38
17,Essendon,0.0,0.0,0.0,0.0,0.0,0.0,0.0,0.0,0.0,0.0,0.0,0.0,0.0,0.0,0.0,1.9,23.04,75.06
