id,Home,Away,Venue,Margin,Prob
8237,Fremantle,Adelaide,Optus Stadium,32.0355164078364,0.6998741609612791
8238,Richmond,St Kilda,MCG,-24.91255845294312,0.3410903736709093
8231,North Melbourne,Geelong,Marvel Stadium,-6.930168186248423,0.4543365067684456
8229,Brisbane Lions,Gold Coast,Gabba,34.3366676580789,0.7124920262471985
8244,Hawthorn,Collingwood,MCG,3.912824980133637,0.5258309736013012
8234,Port Adelaide,Melbourne,Adelaide Oval,-5.811863583441381,0.4616734422442219
8233,Greater Western Sydney,West Coast,ENGIE Stadium,36.06925795715814,0.7217804562726043
8232,Western Bulldogs,Carlton,Marvel Stadium,-2.822179273268665,0.4813610914216601
8226,Essendon,Sydney,MCG,-45.34353589621048,0.2317546901612409
