team,orating,drating,combined
Fremantle,21.916569154104906,23.663011364060377,22.789790259082643
Sydney,31.374418637264007,2.565334403498716,16.969876520381362
Brisbane Lions,35.02659977862675,-2.388722145461857,16.31893881658245
Melbourne,19.867911084626073,4.736138137136836,12.302024610881453
Hawthorn,16.77880006688962,3.5782490302597645,10.178524548574693
Geelong,24.129424037864418,-3.8976941048342506,10.115864966515083
Carlton,9.691453296510987,5.999320573284043,7.845386934897515
Collingwood,5.731591330347072,7.61682956098066,6.674210445663866
St Kilda,6.7863736713064435,2.097269989151357,4.4418218302289
Western Bulldogs,0.8548122587531751,6.9625879329565254,3.9087000958548503
Greater Western Sydney,1.580055189184496,-2.171507293752282,-0.29572605228389304
Adelaide,-7.076086730450967,6.247643098361886,-0.4142218160445408
North Melbourne,0.8767676695200253,-11.719431158613697,-5.421331744546835
Gold Coast,-3.461639905501887,-13.956248643063985,-8.708944274282937
Port Adelaide,-9.305750476300345,-10.036514327621733,-9.671132401961039
West Coast,-21.622028461857067,-29.89261262278338,-25.757320542320223
Essendon,-35.068986621029566,-23.187415381306163,-29.128201001167866
Richmond,-38.399558323059,-25.887718468169258,-32.143638395614126
