team,round,orating_v1,orating_v2,drating_v1,drating_v2,combined_v1,combined_v2
Sydney,0,-0.0739022301966159,1.922052409616778,-2.993768338441889,-1.8886839195722696,-3.067670568638505,0.03336849004450837
Essendon,0,-0.005858325,-1.879569899989852,0.77151501,-2.1170294888260592,0.765656685,-3.9965993888159113
Adelaide,0,-1.597947339,-2.375702527126208,-1.436632655,-0.6006936303685178,-3.034579994,-2.976396157494726
Collingwood,0,10.145137111373952,8.559135900359038,-4.5885160829365175,-1.6798467823708785,5.556621028437434,6.87928911798816
Western Bulldogs,0,36.82080483,20.034357019340227,1.889672644,5.497206119952674,38.710477474,25.5315631392929
West Coast,0,-14.06748049,-17.53334768633773,-26.0195887,-22.41124579490705,-40.08706919,-39.94459348124478
Hawthorn,0,26.05625693512539,15.497652240696306,26.266811598660706,14.929326070886278,52.3230685337861,30.426978311582584
Brisbane Lions,0,29.43893102,23.834794305391107,10.81562599,8.85349206156058,40.25455701,32.68828636695169
Port Adelaide,0,7.317669334,3.647533759848836,10.33051652,10.516446549106918,17.648185853999998,14.163980308955754
Richmond,0,-26.60026342,-13.18303264124536,-36.27217449,-22.7623145711841,-62.87243791,-35.94534721242946
Greater Western Sydney,0,9.98089723461321,4.271526417358009,-2.079811864714071,-0.5847280967636156,7.901085369899139,3.6867983205943937
Carlton,0,11.77056189,-5.9646234893457475,-7.451036115,-1.7353076175439972,4.319525775,-7.6999311068897445
North Melbourne,0,-28.17545268,-18.92889202065335,-45.4883053,-27.587459974975996,-73.66375798,-46.51635199562935
St Kilda,0,-8.614702186,-1.6166320246089316,4.468729121,5.842359825864105,-4.145973065000001,4.225727801255173
Fremantle,0,14.88388696,7.4053793142983055,9.238590211,5.316949535839651,24.122477171,12.722328850137956
Melbourne,0,-11.66691092,-7.636602144284541,0.879794198,-3.01196950837464,-10.787116721999999,-10.64857165265918
Geelong,0,10.71405247,18.40970512754456,-2.573223053,3.338804839503325,8.140829417,21.748509967047884
Gold Coast,0,-2.300772957,-1.9518072398467512,0.212554827,-2.390660224710012,-2.08821813,-4.342467464556763
Sydney,1,12.679036611539436,4.1783548347990465,6.14128301569786,-0.5579299223388421,18.820319627237296,3.620424912460204
Essendon,1,7.630318104021111,-1.0708969703843412,-1.969542215668353,-3.259823756615865,5.660775888352758,-4.330720727000206
Adelaide,1,26.683747027539336,3.4729719259401692,2.668137413344667,0.7149045675867847,29.351884440884003,4.187876493526954
Collingwood,1,34.4405964545509,13.581251529872702,12.722076019894054,1.3085170443795096,47.16267247444495,14.889768574252212
Western Bulldogs,1,19.71564860606384,19.253133863955803,-19.88113320685965,1.5546544141913397,-0.16548460079581062,20.807788278147143
West Coast,1,-34.18330572454876,-21.535964637085,-53.38116177830108,-28.15683103457397,-87.56446750284984,-49.69279567165897
Hawthorn,1,28.797314160793743,16.64044650848611,18.6306351696396,14.120653141280767,47.42794933043334,30.761099649766876
Brisbane Lions,1,20.30387966586025,22.50404030815768,-1.9373128517360527,6.597189636378312,18.366566814124198,29.101229944535994
Port Adelaide,1,-9.992922768830573,0.6591699330984482,-13.964942823176944,5.494330919593254,-23.957865592007515,6.153500852691701
Richmond,1,-34.03623993252156,-15.275165827574522,-15.37497165502661,-20.959472073923106,-49.411211587548166,-36.23463790149763
Greater Western Sydney,1,2.2043617712619312,2.8274674617921205,-9.461401758780262,-1.8586363976369145,-7.257039987518331,0.968831064155206
Carlton,1,-9.126640944973389,-7.767465986606745,-0.0150596024784377,0.3568255687851656,-9.141700547451826,-7.41064041782158
North Melbourne,1,-6.404646829140347,-14.98634031489202,-28.38314907606384,-26.80623681959157,-34.78779590520419,-41.792577134483594
St Kilda,1,-12.719472254344668,-2.9322302225642343,-23.81296524553934,-0.006314627202272,-36.532437499884004,-2.9385448497665063
Fremantle,1,1.493653631211609,5.736678519561346,-26.776608568522107,-1.0394014143654804,-25.2829549373105,4.697277105195866
Melbourne,1,-4.285321025933808,-6.362693843411243,8.656329661351279,-1.567910552808751,4.371008635417471,-7.930604396219994
Geelong,1,46.72925124952211,24.76605607774969,10.817010275788393,5.007505634240284,57.5462615253105,29.773561711989974
Gold Coast,1,25.06080012130108,3.793777999820169,20.328380061548764,1.6119567260372554,45.38918018284984,5.405734725857425
Sydney,2,-2.2707025947099577,3.3396746587143045,0.4340652756285292,-0.9954402848038184,-1.8366373190814285,2.344234373910486
Essendon,2,7.660081277870852,-0.5608331834464755,-17.55272454140496,-8.520898627712114,-9.892643263534108,-9.08173181115859
Adelaide,2,42.26692935327594,8.734046797036417,2.638374239494925,0.2048407806489189,44.90530359277086,8.938887577685335
Collingwood,2,25.20983278698364,14.696549281515397,26.4934633741086,5.341547710921921,51.70329616109224,20.038096992437318
Western Bulldogs,2,5.944261251849301,15.22010319741339,-10.650369539292385,0.4393566625486473,-4.706108287443083,15.659459859962038
West Coast,2,-34.010291922530584,-21.84357054410163,-36.08634453936932,-25.91727145382951,-70.0966364618999,-47.76084199793114
Hawthorn,2,11.439083560087166,13.58905134348452,15.8583839361965,13.953535734074668,27.297467496283666,27.54258707755919
Brisbane Lions,2,3.009062426928498,20.264480727413225,-2.110326653754228,6.904795543394946,0.8987357731742702,27.169276270808172
Port Adelaide,2,10.271197711202374,4.050473475548346,-15.85268895349336,5.030300286133068,-5.581491242290985,9.080773761681414
Richmond,2,-32.148493802205145,-14.811135194114335,-35.63909213505956,-24.350775616373,-67.78758593726471,-39.161910810487335
Greater Western Sydney,2,0.974858837,2.8274674617921205,-2.338703754,-1.8586363976369145,-1.363844917,0.968831064155206
Carlton,2,-6.354389711530289,-7.600348579400645,17.34317099822814,3.408220733786756,10.98878128669785,-4.192127845613889
North Melbourne,2,17.65441955390399,-9.603399109605276,-23.06806680688796,-25.832401025395104,-5.413647252983971,-35.43580013500038
St Kilda,2,2.0439566756785066,-0.7621879054983349,-9.97846479711911,-0.3185191336848345,-7.934508121440603,-1.0807070391831695
Fremantle,2,7.2008713712809405,6.174188882026323,-11.826869362272712,-0.2007212382807385,-4.625997990991771,5.973467643745584
Melbourne,2,-9.60040329510969,-7.336529637607711,-15.402736721693056,-6.950851758095493,-25.003140016802746,-14.287381395703203
Geelong,2,32.89475080110188,25.07826058423225,-3.946418654234781,2.837463317174385,28.9483321468671,27.915723901406636
Gold Coast,2,-2.300772957,3.793777999820169,0.212554827,1.6119567260372554,-2.08821813,5.405734725857425
Sydney,3,16.3537844,3.3396746587143045,9.21993406,-0.9954402848038184,25.57371846,2.344234373910486
Essendon,3,3.7501275222675545,0.6203003396668314,-2.882592122257524,-5.801568096438098,0.8675354000100306,-5.181267756771266
Adelaide,3,35.68757919838678,9.34223444784104,14.889114604463195,1.54796844158186,50.576693802849974,10.8902028894229
Collingwood,3,10.404029,14.696549281515397,4.41752231,5.341547710921921,14.82155131,20.038096992437318
Western Bulldogs,3,7.240607673475101,13.743269926675438,0.5644572079855426,2.471598100571974,7.805064881460644,16.214868027247412
West Coast,3,-35.0126617761798,-22.181796139853756,-47.48233249757061,-29.747889300186195,-82.49499427375041,-51.92968544003995
Hawthorn,3,15.949425068865525,14.614316739563924,18.7569373622882,15.039921437162487,34.70636243115372,29.65423817672641
Brisbane Lions,3,-0.0121029140467934,18.628490772487133,24.84456448650169,12.738966288258649,24.832461572454896,31.36745706074578
Port Adelaide,3,-4.398934707945061,1.33114294427433,-11.942735197890062,3.849166763019761,-16.341669905835126,5.180309707294091
Richmond,3,-37.88361187513571,-16.944236616854322,-51.928998725183504,-29.694513443054028,-89.81261060031922,-46.63875005990835
Greater Western Sydney,3,-1.9236945890917,1.7410817587043013,-6.849045262778359,-2.883901793716319,-8.77273985187006,-1.142820035012018
Carlton,3,-17.569216458808217,-9.632590017423972,16.04682457660234,4.885054004524708,-1.522391882205877,-4.747536012899264
North Melbourne,3,5.403679188935717,-10.94652677053822,-16.488716651998796,-26.440588676199727,-11.08503746306308,-37.38711544673795
St Kilda,3,18.33386326580245,4.581549921182693,-4.243346724188544,1.8145822890551515,14.090516541613905,6.396132210237845
Fremantle,3,18.59685932948223,10.004806728383006,-10.824499508623497,0.1375043574713872,7.772359820858732,10.142311085854393
Melbourne,3,-14.971808548883292,-8.847174840815853,-33.407746559635754,-11.843591957721106,-48.37955510851904,-20.69076679853696
Geelong,3,5.939859660845958,19.24408983936855,-0.9252533132594896,4.473453272100476,5.014606347586469,23.717543111469023
Gold Coast,3,15.704236880942698,8.68651819944578,5.583960080773601,3.1226019292453975,21.2881969617163,11.809120128691177
Sydney,4,22.125011752675576,5.279693997524969,22.29174621345214,2.500313872704554,44.41675796612772,7.7800078702295234
Essendon,4,-0.0058583,0.6203003396668314,0.77151501,-5.801568096438098,0.76565671,-5.181267756771266
Adelaide,4,28.9120630678958,9.11483997163086,5.317764768972978,-0.8182235089223377,34.22982783686878,8.29661646270852
Collingwood,4,13.376566243612302,14.366866789935456,14.31292470146866,8.894568179440675,27.689490945080962,23.261434969376133
Western Bulldogs,4,-0.4771694295137321,11.727481400808577,0.3600231124114945,1.6371101141045044,-0.11714631710223761,13.36459151491308
West Coast,4,-37.742384206599546,-23.720714205726587,-61.7109939299764,-35.08130225485596,-99.45337813657594,-58.80201646058255
Hawthorn,4,13.8425545,14.614316739563924,9.83912495,15.039921437162487,23.68167945,29.65423817672641
Brisbane Lions,4,-10.35378104679222,15.762520959158286,8.259458699038749,10.321909842941094,-2.0943223477534705,26.08443080209938
Port Adelaide,4,-3.1174837161091338,1.706311872074853,-4.979616168962389,3.7048259590710546,-8.097099885071522,5.411137831145908
Richmond,4,-21.298506087672777,-14.527180171536768,-41.58732059243808,-26.828543629725186,-62.88582668011086,-41.35572380126195
Greater Western Sydney,4,12.304966843314094,7.074494713374068,-4.119322832358611,-1.3449837278434895,8.185644010955484,5.729510985530578
Carlton,4,-27.46461885027688,-13.185610485942725,13.074287332990036,5.214736496104646,-14.390331517286846,-7.970873989838079
North Melbourne,4,-7.668132964516422,-14.442280928046593,-22.259944004674377,-28.38060801501039,-29.928076969190798,-42.82288894305698
St Kilda,4,11.370744236874776,4.725890725131399,-5.524797716024471,1.439413361254629,5.845946520850305,6.165304086386028
Fremantle,4,18.80129342505628,10.839294714850476,-3.106722405634663,2.1532928833382483,15.694571019421616,12.992587598188724
Melbourne,4,-28.931675340975843,-13.13563031606068,-30.68027063257614,-11.62890020391032,-59.61194597355198,-24.764530519971
Geelong,4,3.212383733786341,19.02939808555776,13.034613478833064,8.761908747345302,16.246997212619405,27.79130683290306
Gold Coast,4,25.275586716432915,11.052710149949975,12.359476211264582,3.3499964054555775,37.6350629276975,14.402706555405553
Sydney,5,16.541643565937488,4.196521513589737,12.995516709843123,0.9438633146290344,29.53716027578061,5.140384828218771
Essendon,5,-6.480723921710243,-0.2428994331213755,3.006941855603129,-3.2543067195544295,-3.4737820661071135,-3.497206152675805
Adelaide,5,27.894310620723104,9.923268415572169,-6.8909744014106185,-3.291341059840155,21.003336219312487,6.631927355732014
Collingwood,5,22.672795747221315,15.923317348010976,19.896292888206748,9.977740663375908,42.56908863542806,25.901058011386883
Western Bulldogs,5,11.416201328186578,14.989346140240173,-15.956259012178196,-2.0146400082493865,-4.540057683991618,12.974706131990786
West Coast,5,-34.293136460056054,-24.268777182818443,-76.54078202382176,-41.08779475039324,-110.83391848387782,-65.35657193321168
Hawthorn,5,11.108950458665678,14.227131985013404,-8.147807009933453,8.876076310086031,2.9611434487322246,23.103208295099435
Brisbane Lions,5,5.962501077797471,19.414271081512176,-3.6339120586615614,7.060045103509499,2.3285890191359098,26.474316185021674
Port Adelaide,5,14.86944824382432,7.87015699915131,-2.2460121276280662,4.092010713621575,12.623436116196252,11.962167712772885
Richmond,5,-35.01620880245096,-19.4188947159214,-37.15986575779058,-27.001455692012875,-72.17607456024155,-46.42035040793428
Greater Western Sydney,5,16.890000565235706,9.538621531731726,-0.3004515412414332,-0.702778687780236,16.589549023994273,8.83584284395149
Carlton,5,-12.634830756431516,-7.179117990405443,9.625039586446542,5.762799473196503,-3.0097911699849735,-1.41631851720894
North Melbourne,5,0.6414021382749358,-11.798519959500249,-26.0825508571646,-30.276552850400194,-25.441148718889664,-42.07507280990044
St Kilda,5,7.551872945757598,4.083685685068145,-10.109831437946085,-1.0247134571030294,-2.5579584921884866,3.058972227965116
Fremantle,5,14.373838590408784,11.012206777138168,10.610980309143525,7.04500742772288,24.98481889955231,18.057214204861047
Melbourne,5,-31.167102186578973,-15.682891692944349,-24.205405010865896,-10.765700431122111,-55.37250719744487,-26.448592124066458
Geelong,5,15.421122904169938,21.50251563647558,14.05236592600576,7.953480303403997,29.473488830175697,29.455995939879575
Gold Coast,5,29.098193568923143,12.94865498533978,4.049941108473224,0.706235436909235,33.14813467739637,13.654890422249016
Sydney,6,16.107644004653704,5.4040650442384495,14.734791835170098,2.078777155235217,30.8424358398238,7.482842199473666
Essendon,6,-21.89998318613383,-4.124072565593035,-3.3666787155204423,-4.44297472047306,-25.266661901654274,-8.567047286066096
Adelaide,6,18.70653383670744,7.594115769241654,10.043978162907548,2.5962822748576677,28.750511999614986,10.190398044099322
Collingwood,6,22.48569332981891,17.13380318894258,18.54820342276051,11.307844364722866,41.03389675257942,28.441647553665447
Western Bulldogs,6,22.44090017722313,19.690937983631898,-1.972611513973579,2.208027851053713,20.468288663249552,21.89896583468561
West Coast,6,-27.919515888932484,-23.080109181899815,-61.121522759398175,-37.206621617921584,-89.04103864833066,-60.2867307998214
Hawthorn,6,15.893305609169095,15.336480694373968,-14.437426562724184,5.621099888755774,1.4558790464449114,20.95758058312974
Brisbane Lions,6,7.310590543243711,18.084167380165216,-3.4468096412591565,5.849559262577897,3.8637809019845544,23.933726642743114
Port Adelaide,6,13.130173118497344,6.735243158545128,-1.8120125663442808,2.8844671829728625,11.318160552153063,9.61971034151799
Richmond,6,-32.47521848105892,-19.94036269361524,-24.1885330259431,-23.862195408353415,-56.66375150700202,-43.80255810196866
Greater Western Sydney,6,-0.0449519990824605,3.6509981970339034,8.887325242774233,1.6263739585502772,8.842373243691773,5.277372155584181
Carlton,6,4.964596179646691,-1.056926262954807,19.3261331022466,8.979163727493985,24.29072928189329,7.922237464539178
North Melbourne,6,-9.059691377525116,-15.014884213797732,-43.68197779324281,-36.39874457785083,-52.74166917076792,-51.41362879164856
St Kilda,6,-6.431774552447019,-0.1389821742349539,-21.13453028698264,-5.726305300494751,-27.566304839429655,-5.865287474729705
Fremantle,6,11.078849009454212,10.946082907124488,-5.92441548708446,2.070072920092697,5.154433522369752,13.016155827217185
Melbourne,6,-14.631706390350988,-10.707957185314164,-20.910415429911325,-10.699576561108431,-35.54212182026231,-21.407533746422594
Geelong,6,21.71074245696067,24.75749205780583,9.26801077550234,6.844131594043432,30.97875323246301,31.601623651849263
Gold Coast,6,16.126860837075668,9.80939470168032,1.5089507870811767,1.2277034146030714,17.635811624156844,11.037098116283392
Sydney,7,15.493242085573549,5.860873555698696,3.240017767328021,-2.53455093783484,18.73325985290157,3.326322617863856
Essendon,7,-23.095488923729828,-6.6520466931083915,-3.09245302332048,-4.586424655556389,-26.18794194705031,-11.238471348664781
Adelaide,7,13.68524046739564,6.743595201237993,8.407376586952632,2.4872034800505594,22.092617054348274,9.230798681288553
Collingwood,7,22.21146763761895,17.277253124025908,19.743709160356502,13.835818492238223,41.955176797975454,31.11307161626413
Western Bulldogs,7,23.146072404488976,19.593342804666023,-10.950627163103638,-1.8012647629551792,12.195445241385338,17.792078041710845
West Coast,7,-27.841895702724752,-21.945809464932147,-65.8819035685561,-41.160619142832864,-93.72379927128085,-63.10642860776501
Hawthorn,7,20.653686418327023,19.29047821928525,-14.515046748931915,4.486800171788106,6.138639669395108,23.77727839107336
Brisbane Lions,7,21.464500866512097,24.746056716287345,3.250100655236093,8.694174888704485,24.71460152174819,33.44023160499183
Port Adelaide,7,8.34158678738465,5.5693446830766735,-10.049389132865036,-1.5768531217691653,-1.7078023454803866,3.9924915613075083
Richmond,7,-34.40771922326774,-21.052445194417672,-24.814369032061204,-23.80299928095615,-59.22208825532894,-44.85544447537382
Greater Western Sydney,7,8.933063650047599,7.660290811042795,8.18215301550839,1.72396913751615,17.11521666555599,9.384259948558945
Carlton,7,6.282361586212397,-0.2593437550730939,20.97938034651883,10.827430925344514,27.261741932731226,10.56808717027142
North Melbourne,7,-0.822314811004361,-10.553563909055704,-38.89339146213011,-35.232846102382375,-39.71570627313447,-45.78641001143808
St Kilda,7,-13.128684848942267,-2.9835978003615407,-35.28844061025102,-12.38819463661688,-48.41712545919329,-15.37179243697842
Fremantle,7,12.715450585409128,11.055161701931596,-0.9031221177726608,2.9205934880963573,11.812328467636467,13.975755190027954
Melbourne,7,-14.005870384232884,-10.767153312711423,-18.9779146877025,-9.587494060306,-32.98378507193539,-20.35464737301742
Geelong,7,20.05749521268844,22.909224859955305,7.950245368936634,6.046549086161719,28.007740581625075,28.955773946117024
Gold Coast,7,27.621634904917745,14.422722794750378,2.123352706161332,0.7708949031428249,29.744987611079075,15.193617697893202
Sydney,8,15.80781429176212,6.19187774569987,5.097729823795901,-1.1567450565059574,20.905544115558023,5.0351326891939125
Essendon,8,-27.81796093469184,-10.14216799514012,1.4161506099872416,-2.825917027491342,-26.4018103247046,-12.968085022631463
Adelaide,8,22.949199455778952,11.189145164288398,15.792722095922436,6.310450595076285,38.74192155170139,17.49959575936468
Collingwood,8,27.17707679568748,19.992634951216743,19.195864652966662,14.301268879562553,46.372941448654146,34.2939038307793
Western Bulldogs,8,32.54939811607345,25.28539718405208,-1.9778963118720487,1.9669117193436851,30.5715018042014,27.252308903395765
West Coast,8,-29.23569637965261,-22.465832689697432,-65.65348635930656,-42.62603717393028,-94.88918273895916,-65.0918698636277
Hawthorn,8,22.244945077336936,20.216529641059413,-12.526373865685075,5.150080453154191,9.718571211651861,25.366610094213605
Brisbane Lions,8,20.21373267078684,23.670681639033997,13.879434663681016,12.80018736441588,34.09316733446786,36.47086900344988
Port Adelaide,8,-0.6311440638469392,1.8011682007778091,-19.45271484444951,-7.268907501155224,-20.08385890829645,-5.467739300377415
Richmond,8,-36.396392106514575,-21.715725475783756,-26.40562769107112,-24.729050702730316,-62.8020197975857,-46.444776178514076
Greater Western Sydney,8,7.075351593579719,6.282484929713913,7.867580809319818,1.392964947514976,14.942932402899537,7.675449877228889
Carlton,8,-1.1029839227574063,-4.0825908700988185,11.71542135813552,6.38188096229411,10.612437435378114,2.2992900921952915
North Melbourne,8,-5.330918444312083,-12.314071537120752,-34.1709194511681,-31.742724800350643,-39.501837895480186,-44.0567963374714
St Kilda,8,-5.106292494008185,0.5821764890267684,-13.282013714490098,-2.8872483813443512,-18.388306208498285,-2.305071892317583
Fremantle,8,-9.290976310351796,1.5542154466590663,-8.925514472706743,-0.6451808012919518,-18.21649078305854,0.9090346453671145
Melbourne,8,-14.23428759348242,-9.30173528161401,-17.58411401077464,-9.067470835540714,-31.818401604257062,-18.369206117154725
Geelong,8,20.60533972007828,22.443774472630977,2.984636210868109,3.3311672589708836,23.589975930946387,25.77494173160186
Gold Coast,8,16.99230089647282,10.316710319038982,3.374120901886589,1.846269980396172,20.366421798359408,12.162980299435155
Sydney,9,12.181212470871667,4.402262408425486,7.937269788474714,2.42788735607228,20.11848225934638,6.830149764497765
Essendon,9,-30.657500899370653,-13.726800407718358,5.042752430877696,-1.0363016902169582,-25.614748468492955,-14.763102097935317
Adelaide,9,17.337666582058805,9.661779673827512,9.93694370638261,3.8568479191840432,27.274610288441416,13.518627593011555
Collingwood,9,23.86348260352905,19.163733715212796,17.445749990202266,14.556542944830491,41.309232593731316,33.72027666004329
Western Bulldogs,9,32.011689198118084,25.34207643580629,-6.057870330319727,-1.1817323013456913,25.953818867798358,24.1603441344606
West Coast,9,-28.88703414087065,-22.726330451555103,-62.46638809490189,-41.3217358436346,-91.35342223577254,-64.0480662951897
Hawthorn,9,18.70777564201482,18.877060749808894,-10.618651636696775,5.361859705318778,8.089124005318045,24.238920455127673
Brisbane Lions,9,11.334292480429305,18.292980914290737,6.869862198380023,8.299487474641154,18.204154678809328,26.59246838893189
Port Adelaide,9,5.224634325692887,4.254770876670051,-13.841181970729362,-5.741542010694339,-8.616547645036476,-1.4867711340242877
Richmond,9,-39.58349037091924,-23.020026806079432,-26.75428992985308,-24.468552940872645,-66.33778030077232,-47.48857974695208
Greater Western Sydney,9,11.30199607278343,8.782790525859744,1.1525478515583458,-1.8424368012514163,12.454543924341776,6.940353724608327
Carlton,9,-3.637874182120301,-4.616092525732811,14.782140707035182,9.107889527021385,11.144266524914881,4.491797001288574
North Melbourne,9,1.67865402098891,-7.813371647346026,-25.29147926081057,-26.365024075607387,-23.61282523982166,-34.17839572295341
St Kilda,9,-8.173011842907847,-2.1438320757005065,-10.747123455127204,-2.3537467257103586,-18.92013529803505,-4.4975788014108655
Fremantle,9,-7.540861647587402,1.2989413813911286,-5.611920280548317,0.1837204347119947,-13.152781928135719,1.4826618161031233
Melbourne,9,-16.14200982247072,-9.513514533778595,-14.046944575452525,-7.728001944290196,-30.188954397923244,-17.241516478068792
Geelong,9,27.320372677839757,25.67917622139737,-1.242008268335602,0.8308616628250536,26.078364409504154,26.510037884222424
Gold Coast,9,21.0722749149205,13.46535433972836,3.911829819841951,1.78959072864196,24.98410473476245,15.25494506837032
Sydney,10,11.861733002212262,4.2714796136871644,10.886194162269822,4.837936070405332,22.747927164482086,9.109415684092497
Essendon,10,-34.19721521044373,-17.11078740596722,-5.944755072582572,-8.394360159761987,-40.1419702830263,-25.505147565729207
Adelaide,10,16.881494476557986,9.64712193385829,11.059435551447764,4.79469171976806,27.940930028005752,14.441813653626351
Collingwood,10,22.740990758463894,18.22588991462878,17.901922095703085,14.571200684799711,40.64291285416698,32.79709059942849
Western Bulldogs,10,42.99919670157835,32.70013490535132,-2.518156019246653,2.2022546969031698,40.481040682331695,34.90238960225449
West Coast,10,-22.49601654087978,-18.333999000708967,-56.25743932219424,-38.234786233085075,-78.75345586307401,-56.568785233794046
Hawthorn,10,17.89131723966869,18.076291629946997,-5.088378955873506,7.338105521631019,12.802938283795186,25.414397151578015
Brisbane Lions,10,10.347628892593868,17.50538317121219,-3.7556215389556655,1.630649683717298,6.592007353638202,19.13603285492949
Port Adelaide,10,-2.498473015802422,-0.779405689958832,-14.97905127680304,-7.181352309209546,-17.477524292605462,-7.960757999168378
Richmond,10,-39.58542088765472,-24.455679912117223,-21.12065163610133,-21.51268915578575,-60.70607252375605,-45.96836906790297
Greater Western Sydney,10,8.583512943645209,7.519813813634683,-4.673923194027649,-4.772343250576682,3.9095897496175596,2.747470563058001
Carlton,10,-6.58679855591541,-7.026141240065863,15.101620175694588,9.238672321759706,8.514821619779179,2.212531081693843
North Melbourne,10,-3.954984272762842,-10.769235432432914,-25.289548744075095,-24.929370969569597,-29.244533016837938,-35.69860640200251
St Kilda,10,-14.3819606156155,-5.23078168625003,-17.138141055118076,-6.7460781765564946,-31.520101670733574,-11.976859862806524
Fremantle,10,-1.7143906020014068,4.2288478307163935,-2.893437151410095,1.446697146937055,-4.607827753411502,5.675544977653448
Melbourne,10,-5.51652608513503,-2.844676742854741,-13.060280987617087,-6.940404201211651,-18.576807072752118,-9.785080944066392
Geelong,10,28.458241983913435,27.118986519912575,6.481099073159707,5.865038229453937,34.93934105707314,32.98402474936651
Gold Coast,10,15.542002234097229,11.489108523416116,4.7282882221880795,2.5903598485038564,20.27029045628531,14.079468371919972
Sydney,11,5.969137506320382,0.7106877518552448,-0.0562768704818363,-2.8147050329623884,5.912860635838546,-2.1040172811071436
Essendon,11,-31.57643668985,-16.527407658217207,-3.1495280379421136,-4.806501124254488,-34.72596472779211,-21.333908782471696
Adelaide,11,19.99385016297059,13.900573382605367,9.288716876362432,4.322037626745242,29.28256703933302,18.222611009350608
Collingwood,11,21.917162473209505,17.88325756029323,19.280277003810347,15.447350585175004,41.197439477019856,33.33060814546823
Western Bulldogs,11,46.0555075264574,35.71681818945411,-6.085809019555672,-0.928336599114636,39.96969850690172,34.78848159033947
West Coast,11,-20.725297865794445,-17.86134490768615,-59.36979500860683,-42.48823768183215,-80.09509287440127,-60.349582589518306
Hawthorn,11,13.724184757143052,15.188206706980823,-6.990252298944075,5.555545475540422,6.733932458198977,20.743752182521245
Brisbane Lions,11,12.249502235664435,19.28794321730279,0.4115109435699713,4.51873460668347,12.661013179234406,23.80667782398626
Port Adelaide,11,-5.716231666988043,-3.1368291623467006,-13.556438205909258,-6.144850692457556,-19.2726698728973,-9.281679854804256
Richmond,11,-42.38064792229518,-28.04353894762472,-23.74143015669506,-22.09606890353577,-66.12207807899024,-50.13960785116049
Greater Western Sydney,11,10.6110859516541,8.625562461318406,-3.4835962249597925,-3.800433985299514,7.127489726694308,4.825128476018892
Carlton,11,-7.777125524983267,-7.998050505343032,13.074047167685698,8.132923674075982,5.296921642702431,0.13487316873295008
North Melbourne,11,-5.333339180870106,-11.645385332808209,-24.465720458820705,-24.586738615234047,-29.79905963969081,-36.23212394804226
St Kilda,11,-14.504101502036782,-6.285300653371673,-14.326796161086568,-5.607087118949176,-28.830897663123352,-11.892387772320848
Fremantle,11,-3.1370036728951884,3.192346213964403,0.3243214997755257,3.804120619324924,-2.8126821731196627,6.996466833289327
Melbourne,11,5.425944947616628,4.80796436051298,-7.167685491725208,-3.3796123393797313,-1.7417405441085796,1.4283520211332483
Geelong,11,32.025894984222454,30.24957781593038,3.4247882482806564,2.84835494535115,35.45068323250311,33.09793276128153
Gold Coast,11,12.73065734006572,10.3501174658088,4.850429108609363,3.644878815625499,17.581086448675084,13.9949962814343
Sydney,12,1.600792934921131,-3.1944524675572072,-2.3707541312651443,-5.017578103770166,-0.7699611963440134,-8.212030571327373
Essendon,12,-30.033590968265727,-16.10395520510077,-3.3802753535003616,-4.24983237934334,-33.413866321766086,-20.353787584444113
Adelaide,12,22.308327423753894,16.103446453413145,13.657061447761684,8.227177846157694,35.96538887151558,24.33062429957084
Collingwood,12,22.946690694976336,19.975917287645252,21.79391002322308,18.15437760587792,44.74060071819942,38.13029489352317
Western Bulldogs,12,36.8208048,35.71681818945411,1.88967264,-0.928336599114636,38.71047744,34.78848159033947
West Coast,12,-20.369265315905594,-17.902263265407083,-56.12749944319281,-40.98741326633209,-76.4967647590984,-58.88967653173917
Hawthorn,12,11.210551737730318,12.481179686277912,-8.019780520710905,3.462885748188401,3.190771217019414,15.944065434466314
Brisbane Lions,12,12.480249551222684,18.73127447239164,-1.131334778014301,4.095282153567034,11.348914773208383,22.826556625958673
Port Adelaide,12,7.31766933,-3.1368291623467006,10.3305165,-6.144850692457556,17.64818583,-9.281679854804256
Richmond,12,-39.12926607965913,-26.403435936847178,-16.996270607535884,-16.359039980304143,-56.125536687195016,-42.76247591715132
Greater Western Sydney,12,3.865926402494925,2.888533538086784,-6.734978067595845,-5.440536996077062,-2.8690516651009204,-2.5520034579902786
Carlton,12,11.7705619,-7.998050505343032,-7.4510361,8.132923674075982,4.319525800000001,0.13487316873295008
North Melbourne,12,-28.175453,-11.645385332808209,-45.488305,-24.586738615234047,-73.663758,-36.23212394804226
St Kilda,12,-13.4181310680431,-5.761371652157342,-13.197515060439116,-5.24488411907787,-26.61564612848222,-11.006255771235212
Fremantle,12,-4.944806086573337,0.933001681523483,2.0614446545677056,4.9692418457454135,-2.883361432005631,5.9022435272688965
Melbourne,12,4.296663846969175,4.445761360641674,-8.25365592571889,-3.903541340594062,-3.956992078749715,0.5422200200476119
Geelong,12,28.783599418808436,28.748753400430317,3.0687556983918065,2.8892733030720845,31.852355117200243,31.6380267035024
Gold Coast,12,10.99353418527354,9.18499623938831,6.658231522287512,5.904223348066419,17.651765707561054,15.089219587454728
Sydney,13,1.15407595424885,-3.3122147951428658,-1.8132823142375916,-3.1854875900802435,-0.6592063599887417,-6.497702385223109
Essendon,13,-30.313180294382516,-16.33138827718067,-4.148607126408172,-6.404117996231147,-34.461787420790685,-22.73550627341182
Adelaide,13,17.47239203332351,12.035373019110004,12.250186495203632,7.80292286620902,29.72257852852714,19.838295885319024
Collingwood,13,18.083098930992932,15.57961094628536,21.957356631681456,18.68369277823652,40.04045556267439,34.263303724521876
Western Bulldogs,13,31.20268829622305,30.950399884337813,2.8059483863939763,0.3982294411916318,34.00863668261703,31.348629325529444
West Coast,13,-22.282207305183032,-18.48122299363833,-54.39605253890569,-39.063349111527,-76.67825984408873,-57.54457210516533
Hawthorn,13,10.294275991336342,11.154613645971644,-2.4016640169339567,8.229304053304697,7.892611974402385,19.38391769927634
Brisbane Lions,13,13.887124503780736,19.15552945234031,3.704600612416086,8.163355587870175,17.591725116196823,27.318885040210485
Port Adelaide,13,4.566365816522828,-5.076373563672751,14.253663782096028,-0.9283947247569876,18.820029598618856,-6.004768288429739
Richmond,13,-39.68673789668669,-28.235526450537098,-16.549553626863602,-16.241277652718484,-56.23629152355029,-44.47680410325558
Greater Western Sydney,13,-0.057220879601104,-2.3279224296137846,-3.9836745541186738,-3.500992594751011,-4.040895433719777,-5.828915024364796
Carlton,13,12.538893672907813,-5.843764888455225,-7.1714467738832095,8.360356746155883,5.367446899024603,2.516591857700658
North Melbourne,13,-29.90689990428712,-13.569449487613296,-43.57536301072256,-24.007778887002804,-73.48226291500968,-37.5772283746161
St Kilda,13,-8.6147022,-5.761371652157342,4.46872912,-5.24488411907787,-4.14597308,-11.006255771235212
Fremantle,13,14.883887,0.933001681523483,9.23859021,4.9692418457454135,24.12247721,5.9022435272688965
Melbourne,13,4.1332172385108015,3.916446188283073,-3.390064161735485,0.4927650007658313,0.7431530767753163,4.409211189048904
Geelong,13,23.389014450747695,23.188136392445408,9.981509643769504,9.79450472276552,33.3705240945172,32.982641115210924
Gold Coast,13,4.080780239895845,2.279764819694874,12.052816490348253,11.46484035605133,16.133596730244097,13.744605175746203
Sydney,14,16.3537844,-3.3122147951428658,9.21993406,-3.1854875900802435,25.57371846,-6.497702385223109
Essendon,14,-30.592752693890557,-17.815551750946582,-7.595745960737535,-10.134841266171852,-38.18849865462809,-27.950393017118436
Adelaide,14,16.497427703549064,12.080283175013657,13.50481893628528,9.72630287107078,30.002246639834347,21.806586046084437
Collingwood,14,10.404029,15.57961094628536,4.41752231,18.68369277823652,14.82155131,34.263303724521876
Western Bulldogs,14,35.017851437879926,34.533414245551235,4.037204283192955,2.289241183272489,39.05505572107288,36.82265542882372
West Coast,14,-23.39232223935633,-18.926035818008483,-53.18897961156557,-40.201053603818025,-76.5813018509219,-59.12708942182651
Hawthorn,14,9.039643550254691,9.231233641109885,-1.4266996871595132,8.184393897401046,7.612943863095178,17.415627538510932
Brisbane Lions,14,15.393826359562713,20.449550678611928,3.8723649079792297,7.905826366623034,19.26619126754194,28.355377045234963
Port Adelaide,14,6.764812752354928,-1.5817115547172669,12.73413581907601,-1.4478496149727422,19.498948571430937,-3.029561169690009
Richmond,14,-26.600263,-28.235526450537098,-36.272174,-16.241277652718484,-62.872437000000005,-44.47680410325558
Greater Western Sydney,14,-0.2249851751642478,-2.070393208366644,-5.49037640990065,-4.795013821022625,-5.7153615850648976,-6.865407029389269
Carlton,14,11.331820745567692,-4.706060396164205,-6.061331839709913,8.805169570526038,5.270488905857778,4.099109174361833
North Melbourne,14,-29.9952800960294,-15.333309812240572,-40.200423300034906,-22.638455252335287,-70.1957033960643,-37.97176506457586
St Kilda,14,-9.84595809679898,-7.652383394238199,0.6535659783431247,-8.827898480291294,-9.192392118455857,-16.480281874529492
Fremantle,14,11.508947289312344,-0.4363219531440334,9.32697040174228,6.733102170372692,20.835917691054625,6.296780217228658
Melbourne,14,5.652745201530819,4.435901078498827,-5.588511097567585,-3.0018970081896534,0.06423410396323437,1.4340040703091739
Geelong,14,26.836153285077057,26.918859662386115,10.261082043277543,11.27866819653143,37.0972353283546,38.197527858917546
Gold Coast,14,-2.300773,2.279764819694874,0.21255483,11.46484035605133,-2.0882181699999998,13.744605175746203
Sydney,15,19.01613566698326,0.538698083655909,11.57445713136273,0.2885998117778059,30.590592798345988,0.8272978954337149
Essendon,15,-30.86120903338661,-19.422748718802133,-5.472214544295035,-8.000069600609859,-36.33342357768164,-27.42281831941199
Adelaide,15,-1.5979473,12.080283175013657,-1.4366327,9.72630287107078,-3.03458,21.806586046084437
Collingwood,15,11.76819591939657,16.17604782008075,3.029073641685111,15.99584263403422,14.79726956108168,32.17189045411497
Western Bulldogs,15,36.0453380190679,37.392965680137344,3.0374347819735767,1.0554863917396724,39.08277280104147,38.448452071877014
West Coast,15,-14.06748,-18.926035818008483,-26.019589,-40.201053603818025,-40.087069,-59.12708942182651
Hawthorn,15,13.8425545,9.231233641109885,9.83912495,8.184393897401046,23.68167945,17.415627538510932
Brisbane Lions,15,15.717758978100946,20.49351155417451,3.8435512363399824,7.633963211254689,19.56131021444093,28.1274747654292
Port Adelaide,15,4.410289680992198,-5.055798956575316,10.071784552092748,-5.298762493771517,14.482074233084946,-10.354561450346832
Richmond,15,-25.600493498780622,-27.00177165900428,-37.29966058118797,-19.10082908730459,-62.900154079968594,-46.102600746308866
Greater Western Sydney,15,0.7395928420673694,0.1381390332509644,-8.318736946620673,-8.143114622234545,-7.579144104553303,-8.004975588983582
Carlton,15,8.109876988217945,-6.41810940713953,-7.066760874584874,7.537627721391215,1.0431161136330704,1.1195183142516845
North Melbourne,15,-28.98985106115444,-14.065767963105747,-36.97847954268516,-20.926406241359963,-65.9683306038396,-34.99217420446571
St Kilda,15,-8.457509428484093,-4.964533250035899,-0.7106009410534455,-9.424335354086686,-9.168110369537539,-14.388868604122585
Fremantle,15,9.385415872869844,-2.5710936187060267,9.595426741238336,8.340299138228241,18.98084261410818,5.769205519522215
Melbourne,15,-11.666911,4.435901078498827,0.8797942,-3.0018970081896534,-10.787116800000002,1.4340040703091739
Geelong,15,26.864966956716305,27.190722817754462,9.93714942473931,11.234707320968845,36.80211638145562,38.42543013872331
Gold Coast,15,0.5275875367200231,5.627865620906794,-0.7520231872316172,9.256308114433722,-0.2244356505115941,14.884173735340516
Sydney,16,19.426704907614777,2.355289622793763,12.984876409381478,3.4510682019349077,32.411581316996255,5.806357824728671
Essendon,16,-0.0058583,-19.422748718802133,0.77151501,-8.000069600609859,0.76565671,-27.42281831941199
Adelaide,16,-0.0043988876739895,14.743011975202034,1.206444576011362,12.806173228528497,1.2020456883373725,27.54918520373053
Collingwood,16,10.598051090267116,12.906841965886125,2.816791943094123,14.383239088787557,13.41484303336124,27.29008105467368
Western Bulldogs,16,34.63491874104915,34.23049728998024,2.626865541342064,-0.7611051473981818,37.26178428239121,33.46939214258206
West Coast,16,-13.855198301409011,-17.31343227276182,-24.849444170870544,-36.9318477496234,-38.70464247227956,-54.24528002238522
Hawthorn,16,15.34070720096319,12.997387359308956,8.307622343650351,7.237669054905624,23.64832954461354,20.23505641421458
Brisbane Lions,16,29.438931,20.49351155417451,10.815626,7.633963211254689,40.254557,28.1274747654292
Port Adelaide,16,6.731227678639325,0.2121055689620048,9.634883986135506,-5.817761173446522,16.36611166477483,-5.605655604484517
Richmond,16,-28.243570774791984,-30.081642016461995,-38.89320899351398,-21.76355788749297,-67.13677976830596,-51.84519990395496
Greater Western Sydney,16,0.97485884,0.1381390332509644,-2.3387038,-8.143114622234545,-1.3638449600000002,-8.004975588983582
Carlton,16,8.546777554175186,-5.899110727464525,-9.387698872232,2.269723195853894,-0.8409213180568145,-3.6293875316106314
North Melbourne,16,-27.45834845480479,-13.119043120610328,-38.476632243648346,-24.69255995955903,-65.93498069845313,-37.81160308016936
St Kilda,16,-8.38188929405039,-5.296598543479424,-1.2280259392387642,-10.371448449416327,-9.609915233289154,-15.66804699289575
Fremantle,16,9.902840871055163,-1.6239805233763842,9.519806606804634,8.672364431671767,19.422647477859798,7.048383908295382
Melbourne,16,-9.313170892617045,7.4272457803088,-2.5686944588275447,-7.414801137308961,-11.881865351444588,0.012444642999838607
Geelong,16,10.7140525,27.190722817754462,-2.5732231,11.234707320968845,8.1408294,38.42543013872331
Gold Coast,16,3.976076195547568,10.040769750026104,-3.1057632946145755,6.26496341262375,0.8703129009329924,16.305733162649855
Sydney,17,18.231054301205585,1.4636236534844818,12.5044718783379,2.5614942809830055,30.735526179543484,4.025117934467487
Essendon,17,-1.395057591310188,-19.67158636271213,-0.8708710590978638,-9.595150065006994,-2.2659286504080516,-29.266736427719124
Adelaide,17,0.1624899698453281,13.42992075090116,1.166826860755965,13.224194592625068,1.3293168306012932,26.65411534352623
Collingwood,17,10.731666750560668,13.775943762469348,4.835599265449753,15.925843237631124,15.567266016010421,29.701787000100474
Western Bulldogs,17,35.24017437977266,36.284906953948614,1.0183370658527606,-2.0789934932795497,36.25851144562542,34.205913460669066
West Coast,17,-15.044414072385733,-19.617605925632184,-26.096936705440367,-38.12572064015944,-41.1413507778261,-57.74332656579163
Hawthorn,17,16.03423625089098,13.575879465051749,6.4079164202474885,4.384421831644978,22.44215267113847,17.960301296696727
Brisbane Lions,17,30.140747947306533,21.112376696500423,11.217369376834691,8.151344373926927,41.358117324141226,29.26372107042735
Port Adelaide,17,6.3294843018046345,-0.3052755937102331,8.933067038828975,-6.436626315772431,15.26255134063361,-6.741901909482664
Richmond,17,-29.80463220589533,-31.64009964152067,-40.64048274624619,-24.730198217645935,-70.44511495214152,-56.370297859166605
Greater Western Sydney,17,2.222351374569821,1.332011923787001,-1.1494880290232796,-5.838940969364179,1.0728633455465415,-4.506929045577178
Carlton,17,6.527970231819555,-7.441714876308095,-9.521314532525553,1.4006213992706695,-2.9933443007059974,-6.041093477037425
North Melbourne,17,-25.849819979315484,-11.80115477472896,-39.08188788237186,-26.74696962352741,-64.93170786168734,-38.54812439825637
St Kilda,17,-6.482183370647528,-2.443351320218779,-1.921554989166555,-10.949940555159122,-8.403738359814083,-13.393291875377901
Fremantle,17,10.38324540209874,-0.7344066024244822,10.715457213213828,9.564030400981048,21.09870261531257,8.829623798556566
Melbourne,17,-9.273553177361649,7.009224416212227,-2.735583316346862,-6.101709913008087,-12.00913649370851,0.9075145032041396
Geelong,17,12.461326252732215,30.15736314790743,-1.012161668896651,12.79316494602752,11.449164583835564,42.95052809393495
Gold Coast,17,5.618462264645432,11.635850214423238,-1.7165640033043874,6.513801056533748,3.9018982613410444,18.149651270956987
Sydney,18,17.06446446517434,-0.3172094687915072,12.20076529558475,3.1296829274104057,29.26522976075909,2.8124734586188986
Essendon,18,-5.9824426465857945,-26.133782575072107,1.054574207169258,-5.193545260940044,-4.927868439416536,-31.327327836012152
Adelaide,18,2.154330623705152,15.993582702745544,1.7737329503296324,13.65252268570654,3.928063574034784,29.646105388452085
Collingwood,18,10.127316529282403,12.901647118707428,5.508034741726494,16.942517823462538,15.635351271008897,29.844164942169968
Western Bulldogs,18,34.63326829019899,35.856578860867145,-0.973503588007063,-4.642655445123934,33.65976470219193,31.21392341574321
West Coast,18,-14.934965254705869,-20.32293888560652,-25.948748810368365,-37.3308999104165,-40.88371406507423,-57.65383879602302
Hawthorn,18,14.682926703708334,10.938276340400128,7.826601482315965,6.5542792550649,22.509528186024298,17.492555595465028
Brisbane Lions,18,30.788971220318093,23.833301040767125,11.089943420465406,7.149805068778062,41.8789146407835,30.983106109545187
Port Adelaide,18,6.181296406732631,-1.1000963234531724,8.823618221149111,-5.731293355798096,15.004914627881742,-6.831389679251268
Richmond,18,-31.730077472162453,-36.04170444558762,-36.05309769097059,-18.26800200528596,-67.78317516313304,-54.30970645087358
Greater Western Sydney,18,3.112415191789046,4.122851764150634,0.2533196120063634,-1.271701737128402,3.365734803795409,2.851150027022232
Carlton,18,6.655396188188841,-6.44017557115923,-10.16953780553711,-1.3203029449960342,-3.51414161734827,-7.760478516155264
North Melbourne,18,-24.977467980487855,-11.514739199991933,-39.067861725686136,-26.3310252209069,-64.04532970617399,-37.84576442089883
St Kilda,18,-6.178476787894376,-3.011539966646179,-0.7549651531353088,-9.169107432883132,-6.933441941029685,-12.180647399529311
Fremantle,18,8.964560340030264,-2.9042640258444035,12.066766760396474,12.20163352563267,21.031327100426736,9.297369499788266
Melbourne,18,-9.287579334047368,6.593280013591721,-3.6079353151744895,-6.388125487745112,-12.895514649221859,0.20515452584660832
Geelong,18,11.058518611702572,25.59012391567165,-1.902225486115876,10.002325105663886,9.156293125586696,35.59244902133554
Gold Coast,18,4.946026788368691,10.619175628591822,-1.1122137820261235,7.388097700295669,3.8338130063425675,18.007273328887493
Sydney,19,15.408489809706248,-1.7961993448807358,13.266577975070351,7.341001574882794,28.6750677847766,5.544802230002058
Essendon,19,-5.928707179822185,-24.664652110392392,-0.2448945152491894,-7.46411300627296,-6.173601695071374,-32.12876511666535
Adelaide,19,2.065093462358756,15.299814676066964,3.3146646588415383,16.71489770219567,5.379758121200294,32.01471237826264
Collingwood,19,9.566582919035412,11.357354696361018,5.970444724576504,16.267246656973438,15.537027643611916,27.624601353334455
Western Bulldogs,19,33.1719137707398,32.094160448830905,-1.3948675745427406,-5.75679450653025,31.77704619619706,26.337365942300657
West Coast,19,-16.657362898509405,-22.483254449068564,-27.314025548688956,-39.77015094976069,-43.971388447198365,-62.25340539882926
Hawthorn,19,14.483015789868832,9.571862768035327,10.031946829899224,11.12566884401281,24.514962619768056,20.697531612048138
Brisbane Lions,19,31.21033520685377,24.94744010217344,12.5512979399246,10.912223480814305,43.76163314677837,35.85966358298775
Port Adelaide,19,3.9759510591493745,-5.671485912401082,9.023529134988612,-4.364879783433295,12.999480194137988,-10.036365695834377
Richmond,19,-30.36480073384186,-33.60245340624343,-34.330700047167056,-16.107686441823912,-64.69550078100892,-49.71013984806734
Greater Western Sydney,19,4.411883914207493,6.39341950948355,0.1995841452427537,-2.740832201808117,4.611468059450247,3.652587307675433
Carlton,19,5.1789359832603745,-9.040390787368288,-9.571987732964615,0.6439132970992691,-4.393051749704241,-8.39647749026902
North Melbourne,19,-26.04328065997346,-15.726057847464322,-37.41188707021804,-24.85203534481767,-63.455167730191505,-40.57809319228199
St Kilda,19,-5.444370524522469,-0.7708090871220605,-2.02429434376996,-10.169865233179614,-7.468664868292429,-10.940674320301675
Fremantle,19,8.502150357180254,-2.228992859355304,12.627500370643466,13.745925947979078,21.12965072782372,11.516933088623773
Melbourne,19,-9.885129406619864,4.629063771496417,-2.131475110246023,-3.7879102715360538,-12.016604516865886,0.8411534999603636
Geelong,19,12.327847802337224,26.590881715968138,-2.6363317494877836,7.761594226139767,9.69151605284944,34.3524759421079
Gold Coast,19,3.4050950798567854,7.556800612102693,-1.0229766206797275,8.08186572697425,2.382118459177058,15.638666339076943
Sydney,20,13.71526848987763,-5.120983624688807,11.129404486381736,2.5453156949255993,24.844672976259368,-2.575667929763208
Essendon,20,-6.9510354261288665,-26.257286441796435,-2.179338388320515,-11.877824276775588,-9.130373814449381,-38.13511071857202
Adelaide,20,5.319893999958147,21.51479914384642,5.5368414878855186,20.72667666880704,10.856735487843665,42.24147581265346
Collingwood,20,8.629095648724888,10.13194665166387,5.904642845845458,15.141493892102575,14.533738494570347,25.273440543766448
Western Bulldogs,20,35.10635764381112,36.50787171933353,-0.3725393282360589,-4.164160175126209,34.733818315575064,32.34371154420732
West Coast,20,-16.27107817143466,-21.03816024829637,-28.83110846857693,-43.448898570074626,-45.10218664001159,-64.487058818371
Hawthorn,20,14.259642474491038,10.084778023550156,11.097646485699665,12.759828187164445,25.3572889601907,22.844606210714602
Brisbane Lions,20,29.48335096767385,21.621170090660623,10.374142791868016,5.850753654683797,39.85749375954187,27.47192374534442
Port Adelaide,20,1.7537742301053942,-9.683264879012448,5.768728597389222,-10.57986425121275,7.522502827494616,-20.2631291302252
Richmond,20,-30.298998855110813,-32.47670064137257,-33.39321277685653,-14.882278397126765,-63.69221163196734,-47.35897903849933
Greater Western Sydney,20,6.549057402896109,11.189105389440744,1.8928054650713728,0.5839520779999545,8.441862867967481,11.7730574674407
Carlton,20,4.113236327459935,-10.674550130519922,-9.348614417586822,0.13099804158444,-5.235378090126886,-10.543552088935481
North Melbourne,20,-26.459263669731232,-16.87129466226475,-40.40080303393882,-32.3063051782125,-66.86006670367006,-49.17759984047724
St Kilda,20,-5.709540431454811,-2.0240462899422456,-2.836143038679632,-10.42204419680824,-8.545683470134442,-12.446090486750485
Fremantle,20,10.019233277068228,1.449754760958632,12.241215643568722,12.300831747206884,22.26044892063695,13.750586508165515
Melbourne,20,-9.073280711710192,4.881242735125044,-1.866305203313681,-2.5346730687158683,-10.939585915023873,2.3465696664091755
Geelong,20,15.316763766058006,34.04515154936296,-2.2203487397300083,8.906831040940194,13.096415026327998,42.95198259030316
Gold Coast,20,5.582250227913368,12.6182704382332,0.7040076185001944,11.40813573848707,6.286257846413562,24.026406176720272
Sydney,21,13.765520405891614,-4.356311820910295,11.34401857593934,2.435611824269368,25.109538981830955,-1.920699996640927
Essendon,21,-7.165649515686472,-26.147582571140205,-2.2295903043345,-12.6424960805541,-9.395239820020972,-38.7900786516943
Adelaide,21,5.592659589156686,21.110282566060302,5.282474873482313,18.57337444376377,10.875134462639,39.683657009824074
Collingwood,21,7.625927952611986,6.641373561400959,6.487693426966775,15.617754113047072,14.11362137957876,22.25912767444803
Western Bulldogs,21,36.98119186983581,41.71369812005968,1.4186947971599635,1.826098527532765,38.399886666995776,43.539796647592446
West Coast,21,-17.09173966672836,-23.2167477776702,-31.11787407633806,-47.86936396594848,-48.20961374306642,-71.08611174361869
Hawthorn,21,14.514009088894245,12.238080248593429,10.824880896501124,13.16434476495056,25.33888998539537,25.40242501354399
Brisbane Lions,21,28.900300386552537,21.14490986971613,11.377310487980916,9.341326744946707,40.27761087453345,30.486236614662836
Port Adelaide,21,0.276309811687855,-12.360957347400948,2.777563989545248,-16.570673424757537,3.0538738012331033,-28.931630772158485
Richmond,21,-31.098695957637897,-33.91933440739529,-32.877201496558655,-14.163499700271371,-63.975897454196556,-48.08283410766666
Greater Western Sydney,21,4.757823277500086,5.19884668678177,0.017971239046687,-4.6218743227262,4.775794516546773,0.5769723640555702
Carlton,21,3.2472410260340263,-12.156823123507738,-8.529477714619489,1.2291104134788875,-5.282236688585463,-10.927712710028851
North Melbourne,21,-26.630980064601708,-18.78116461444579,-39.8384335154844,-30.91332443032681,-66.4694135800861,-49.694489044772595
St Kilda,21,-6.271909949909239,-3.4170270378279337,-2.664426643809154,-8.5121742446272,-8.936336593718394,-11.929201282455134
Fremantle,21,9.200096574100897,0.3516423890641844,13.107210944994632,13.783104740194702,22.30730751909553,14.134747129258885
Melbourne,21,-6.786515103949057,9.301708130998898,-1.0456437080199812,-0.3560855393420379,-7.832158811969038,8.94562259165686
Geelong,21,18.30792837390198,40.03596072290775,-0.7428843213124692,11.584523509328694,17.56504405258951,51.62048423223645
Gold Coast,21,5.066238947615494,11.899491741377808,1.503704721027276,12.850769504509795,6.56994366864277,24.750261245887604
Sydney,22,14.80627029979421,0.2949319263995509,11.041296204582835,1.588090542860475,25.847566504377046,1.883022469260026
Essendon,22,-7.856233356978537,-26.13358785420942,-3.5733491434610505,-14.59117292727802,-11.429582500439587,-40.72476078148744
Adelaide,22,4.795939577235013,15.865013131377568,5.7455407536010314,18.717181195993746,10.541480330836045,34.58219432737131
Collingwood,22,6.353933977505912,2.547785822324803,5.596359832045851,11.832462912100572,11.950293809551763,14.380248734425376
Western Bulldogs,22,37.06849715681429,41.61130833455733,0.686075256735677,0.6606942020252857,37.754572413549965,42.27200253658261
West Coast,22,-17.554805546847078,-23.360554529900178,-30.32115406441639,-42.62409453126574,-47.87595961126347,-65.98464906116592
Hawthorn,22,15.405342683815167,16.023371449539926,12.096874871607197,17.25793250402672,27.502217555422362,33.28130395356665
Brisbane Lions,22,29.203022757909043,21.99243115112502,10.33656059407832,4.690082997636861,39.53958335198736,26.682514148761882
Port Adelaide,22,0.7538310754531674,-9.813766779384276,1.916269128514715,-18.57031757547,2.6701002039678823,-28.384084354854274
Richmond,22,-32.20801428444125,-37.95626733490323,-30.98410831216919,-8.952815363580882,-63.19212259661044,-46.90908269848411
Greater Western Sydney,22,5.227156620818106,7.346501785739035,0.1324518254007698,-3.1952925232336753,5.359608446218876,4.151209262505359
Carlton,22,3.1639279254736117,-10.455063933012612,-8.614495057127082,0.7985201162871229,-5.45056713165347,-9.656543816725488
North Melbourne,22,-26.745460650955792,-20.207746413938313,-40.30776685880242,-33.060979529284076,-67.05322750975822,-53.26872594322239
St Kilda,22,-8.165003134298704,-8.627711374518423,-1.5551083170058018,-4.475241317119258,-9.720111451304506,-13.102952691637682
Fremantle,22,10.06139143513143,2.3512865397766474,12.62968968122932,11.235914172178031,22.69108111636075,13.58720071195468
Melbourne,22,-6.053895563524771,10.467112456506378,-1.1329489949984612,-0.2536957538396813,-7.186844558523232,10.213416702666697
Geelong,22,19.65168721302853,41.98463756963167,-0.0523004800204043,11.570528792397909,19.599386733008128,53.55516636202958
Gold Coast,22,5.151256290123087,12.330082038569572,1.587017821587691,11.149010314014667,6.738274111710778,23.47909235258424
Sydney,23,13.94633370429647,-1.069795823235568,10.042557228643894,0.2878239794334867,23.988890932940365,-0.7819718438020813
Essendon,23,-7.984716957780512,-25.524167905541276,-4.30461341626757,-16.50105756262324,-12.289330374048083,-42.02522546816452
Adelaide,23,3.839541046109047,11.74507967895308,6.467441650783647,20.272740740481748,10.306982696892694,32.01782041943483
Collingwood,23,5.632033080323296,0.9922262778367978,6.552758363171818,15.95239636452506,12.184791443495115,16.944622642361857
Western Bulldogs,23,37.35478820759021,41.32949689042446,1.6633602282641855,4.044796640551631,39.0181484358544,45.37429353097609
West Coast,23,-18.532090518375583,-26.74465696842652,-30.607445115192306,-42.34228308713287,-49.13953563356789,-69.08694005555938
Hawthorn,23,15.502705030962083,16.334811932468433,12.536189041733376,19.899981308416372,28.03889407269546,36.234793240884805
Brisbane Lions,23,29.612714618880457,23.931380439214628,10.955810823488244,6.986162809241257,40.5685254423687,30.917543248455885
Port Adelaide,23,0.3953049502671203,-9.729894571789693,0.6272367610906124,-22.903686784601764,1.0225417113577326,-32.63358135639146
Richmond,23,-32.35591367585762,-37.598681535277905,-32.838601158739394,-17.181801675213293,-65.19451483459702,-54.7804832104912
Greater Western Sydney,23,5.7251165993143855,9.750500122687278,0.3967560192147737,-1.2931294680913408,6.121872618529159,8.457370654595938
Carlton,23,4.452960292897714,-6.121694723880849,-8.255968931941034,0.7146479086925385,-3.8030086390433198,-5.407046815188311
North Melbourne,23,-24.89096780438559,-11.978760102305904,-40.15986746738604,-33.4185653289094,-65.05083527177163,-45.39732543121531
St Kilda,23,-7.433738861492184,-6.717826739173202,-1.4266247162038272,-5.084661265787403,-8.860363577696011,-11.802488004960605
Fremantle,23,9.442141205721503,0.0552067281722519,12.219997820257904,9.296964884088425,21.662139025979407,9.352171612260676
Melbourne,23,-6.49320973365095,7.825063652116724,-1.2303113421453795,-0.565136236768187,-7.723521075796329,7.259927415348537
Geelong,23,20.650426188967472,43.28490413305866,0.807636115477336,12.935256542033027,21.45806230444481,56.22016067509169
Gold Coast,23,4.886952096309083,10.427918983427237,1.0890578430914115,8.745011977066426,5.976009939400495,19.172930960493662
Sydney,24,13.883472394736936,-1.1670114139991472,10.517896946352472,2.5651717694811658,24.401369341089406,1.3981603554820186
Essendon,24,-8.929652636958503,-28.777869460963608,-5.6184854804101345,-19.952502609603485,-14.548138117368637,-48.73037207056709
Adelaide,24,3.5099937496290243,10.138837589088142,4.899788956426299,13.402315842554092,8.409782706055324,23.541153431642236
Collingwood,24,5.687997445486661,1.572477122801946,6.667111162115419,16.906619752318537,12.35510860760208,18.479096875120483
Western Bulldogs,24,37.257113531114975,40.29265369642188,0.992087345280684,0.2720153407171901,38.24920087639566,40.56466903713907
West Coast,24,-19.00743023608416,-29.022004758474196,-30.544583805632772,-42.24506749636929,-49.55201404171693,-71.26707225484348
Hawthorn,24,14.838949970293058,12.974354677669366,11.733075045762028,15.453944451298792,26.572025016055086,28.428299128968156
Brisbane Lions,24,30.415828614851804,28.377417296332208,11.61956588415727,10.346620064040325,42.03539449900907,38.724037360372535
Port Adelaide,24,0.6156889755795958,-7.467065115436162,0.5009320721735699,-21.144004466939297,1.1166210477531657,-28.611069582375457
Richmond,24,-32.17999425154658,-35.56411188014373,-32.52153776723803,-15.17890171896331,-64.7015320187846,-50.74301359910704
Greater Western Sydney,24,6.375776428194962,11.936474501971484,-0.1340916305255453,-3.3604359570943783,6.241684797669417,8.576038544877106
Carlton,24,4.2530356821293225,-7.202611476549432,-7.611193627855102,1.5784239961493054,-3.3581579457257797,-5.624187480400127
North Melbourne,24,-23.32331511002824,-5.108335204378249,-39.83032017090602,-31.812323239044463,-63.15363528093426,-36.92065844342271
St Kilda,24,-6.902891211751865,-4.650520250170165,-2.0772845450844044,-7.270635645071611,-8.98017575683627,-11.921155895241775
Fremantle,24,10.113414088705005,3.827988028006693,12.317672496733136,10.333808078091009,22.43108658543814,14.161796106097702
Melbourne,24,-6.607562532594551,6.870840264323247,-1.2862757073087443,-1.1453870817333351,-7.893838239903296,5.725453182589912
Geelong,24,20.333362797466112,41.28200417680868,0.6317166911662959,10.900686886898848,20.96507948863241,52.18269106370752
Gold Coast,24,6.200824160451647,13.200598465413597,2.0339935222694017,8.872107988678462,8.234817682721049,22.072706454092057
